SiteName	Long	Lat	SweepDate
Lower Woodland Skate Park, Seattle	-122.3320708	47.6062095	11/3/2015
Under I-5 @ S Dearborn St (Sidewalk), Seattle	-122.3320708	47.6062095	11/12/2015
Ballard Commons Park, Seattle	-122.3855052	47.6706355	11/12/2015
22nd Ave S and S Hill St	-122.3042502	47.5845098	11/16/2015
2000 NW 57th St (Sidewalk)	-122.3320708	47.6062095	11/16/2015
2005 NW 57th St (Sidewalk)	-122.3320708	47.6062095	11/16/2015
3rd Ave NW @ NW 39th Ave	-122.3608278	47.6541537	11/16/2015
954 E Union St	-122.3197318	47.6132625	11/17/2015
15th Ave NW at NW 46th St (under Ballard Bridge)	-122.3761447	47.6578901	11/17/2015
5700 block 37th Pl NW	-122.4050451	47.6719815	11/17/2015
2826 NW Market St	-122.3948555	47.66855	11/17/2015
Seaview Ave NW & 37th Pl NW	-122.4052316	47.6791729	11/17/2015
Denny Way and Broad St Triangle	-122.3320708	47.6062095	11/18/2015
Alaskan Way Viaduct & Pike St	-122.3376263	47.5894187	11/18/2015
2nd Ave S near S Main St	-122.3146427	47.600017	11/18/2015
10722 Stone Ave N & N 107th St  (Alley)	-122.341576	47.70755	11/18/2015
307 Broad St	-122.3503097	47.6182824	11/18/2015
Woodland Park south of Off Leash area	-122.3444762	47.6701819	11/18/2015
Licton Springs Park (North End)	-122.3045446	47.6699473	11/18/2015
Lower Woodland Skate Park, Seattle	-122.3320708	47.6062095	11/3/2015
Under I-5 @ S Dearborn St (Sidewalk), Seattle	-122.3320708	47.6062095	11/12/2015
Ballard Commons Park, Seattle	-122.3855052	47.6706355	11/12/2015
22nd Ave S and S Hill St	-122.3042502	47.5845098	11/16/2015
2000 NW 57th St (Sidewalk)	-122.3320708	47.6062095	11/16/2015
2005 NW 57th St (Sidewalk)	-122.3320708	47.6062095	11/16/2015
3rd Ave NW @ NW 39th Ave	-122.3608278	47.6541537	11/16/2015
954 E Union St	-122.3197318	47.6132625	11/17/2015
15th Ave NW at NW 46th St (under Ballard Bridge)	-122.3761447	47.6578901	11/17/2015
5700 block 37th Pl NW	-122.4050451	47.6719815	11/17/2015
2826 NW Market St	-122.3948555	47.66855	11/17/2015
Seaview Ave NW & 37th Pl NW	-122.4052316	47.6791729	11/17/2015
Denny Way and Broad St Triangle	-122.3320708	47.6062095	11/18/2015
Alaskan Way Viaduct & Pike St	-122.3376263	47.5894187	11/18/2015
2nd Ave S near S Main St	-122.3146427	47.600017	11/18/2015
10722 Stone Ave N & N 107th St  (Alley)	-122.341576	47.70755	11/18/2015
307 Broad St	-122.3503097	47.6182824	11/18/2015
Woodland Park south of Off Leash area	-122.3444762	47.6701819	11/18/2015
Licton Springs Park (North End)	-122.3045446	47.6699473	11/18/2015
Airport Way S & S Stacy (Under I-5)	-122.3148113	47.5481439	11/19/2015
6th Ave &  James St	-122.330156	47.60625	11/19/2015
Golden Gardens Stairway from NW 32nd Ave	-122.3984045	47.6823517	11/20/2015
NW 54th St & 32nd Ave NW	-122.378895	47.6679045	11/20/2015
Denny Park	-122.340936	47.619053	11/23/2015
6th Ave &  James St	-122.330156	47.60625	11/23/2015
Burke Gilman Trail @ Seaview Ave NW & NW 61st St	-122.4026302	47.6877822	11/24/2015
6300 SEAVIEW AVE NW	-122.4060338	47.6744841	11/24/2015
6826 SEAVIEW AVE NW	-122.4059139	47.6780016	11/24/2015
NW 54th St & 32nd Ave NW	-122.378895	47.6679045	11/24/2015
Shilshole Ave NW & NW 46th St	-122.3818823	47.6640653	11/26/2015
14th Ave NW @ NW 46th St	-122.3735383	47.6622006	11/26/2015
Hillside by I-5 North on ramp/Melrose Ave	-122.3279002	47.6167238	11/30/2015
SW Admiral Way & SW City View St (Greenspace)	-122.3940471	47.579446	11/30/2015
4455 Shilshole Ave NW	-122.3752356	47.6610517	12/1/2015
NW 45th St & Shilshole Ave NW	-122.3671315	47.6614676	12/1/2015
4259 8th Ave NW & Burke Gilman trail	-122.367122	47.658893	12/1/2015
NW 45th Ave & 14th Ave NW	-122.3671315	47.6614676	12/1/2015
6th Ave & Yesler Way under the overpass	-122.330156	47.60625	12/2/2015
I-90 on ramp @ Rainier Ave So & Atlantic	-122.2744975	47.544847	12/3/2015
Under I-90 Sidewalks Rainier Ave S	-122.2744975	47.544847	12/3/2015
Gasworks Park	-122.3343532	47.6456308	12/4/2015
Woodland Park	-122.3443407	47.6684427	12/4/2015
7757 E GREEN LAKE DR N	-122.3315638	47.6825676	12/4/2015
4th Ave under Yesler overpass	-122.3287781	47.6017227	12/7/2015
4th Ave South Under Yesler Way	-122.3287781	47.6017227	12/7/2015
Bitter Lake Park	-122.3320708	47.6062095	12/8/2015
12341 35TH AVE NE	-122.291636	47.718537	12/9/2015
Rainier Ave South  Off Ramp	-122.3320708	47.6062095	12/9/2015
Pioneer Square Park	-122.333886	47.6020338	12/9/2015
Licton Springs Park (North End)	-122.3045446	47.6699473	12/9/2015
Greenlake - 7098 Aurora Ave N	-122.3450866	47.680295	12/9/2015
6349 W GREEN LAKE WAY N	-122.3460683	47.674538	12/9/2015
7661 E GREEN LAKE DR N	-122.3315638	47.6825676	12/9/2015
Victory Creek Park	-122.3163719	47.7085415	12/9/2015
Greenlake - 7098 Aurora Ave N	-122.3450866	47.680295	12/9/2015
S King St - KC Substation	-122.3320708	47.6062095	12/10/2015
1300 University St	-122.3246751	47.6127096	12/11/2015
10501 Aurora Ave N (Corner of Building)	-122.3451127	47.7052673	12/11/2015
1475 NW 85th St (Zamarama Gallery)	-122.3320708	47.6062095	12/11/2015
Burke Gilman Trail along the Canal Park	-122.3320708	47.6062095	12/11/2015
NE Queen Anne greenbelt - billboard site	-122.3320708	47.6062095	12/14/2015
Kobe Terrace Park	-122.3250494	47.60004	12/14/2015
I-5 On/Off Ramps at 10th Ave S & S Dearborn St	-122.3203745	47.5749295	12/14/2015
NE Queen Anne greenbelt - billboard site	-122.3320708	47.6062095	12/14/2015
SW Queen Anne Greenbelt - Sections 1, 2, 3 & 4	-122.3320708	47.6062095	12/15/2015
Baker Park	-122.2886379	47.5809164	12/15/2015
Alaskan Way S & Jackson St	-122.3381826	47.6038856	12/15/2015
521 1st Ave N (Closed business)	-122.3320708	47.6062095	12/15/2015
I-5 NB offramp at NE 65th St and Ravenna Blvd	-122.3158493	47.6718995	12/16/2015
Under I-5 @ S Jackson St	-122.3359179	47.5991945	12/16/2015
I-5 NB offramp at NE 65th St and Ravenna Blvd	-122.3158493	47.6718995	12/16/2015
1300 block Lakeview Blvd E	-122.323865	47.630974	12/17/2015
Canal Park	-122.3573353	47.6516632	12/17/2015
Thornton Creek King Fisher Natural Area 2	-122.3100261	47.7040267	12/17/2015
Hillside above 1950 Alaskan Way - Waterfront Landings Condos	-122.3320708	47.6062095	12/18/2015
Thornton Creek (near and under 35th Ave NE Bridge)	-122.3320708	47.6062095	12/19/2015
4th Ave S & I-90 off ramp	-122.328988	47.6016393	12/20/2015
I-5 NB onramp at Denny Way	-122.343501	47.618564	12/21/2015
I-5 overpass at Pine Street	-122.3364918	47.611662	12/21/2015
Under I-5 at Eastlake Ave E & Harrison St	-122.3254194	47.6354033	12/21/2015
Thornton Creek King Fisher Natural Area 2	-122.3100261	47.7040267	12/21/2015
Western Ave at NB 99 onramp	-122.3320708	47.6062095	12/21/2015
Green Lake  Park	-122.341132	47.68157	12/21/2015
15th Avenue NE & NE 107th St Under Bridge	-122.31243	47.706123	12/22/2015
3612 LEARY WAY NW	-122.3593716	47.6537578	12/22/2015
400 Broadway E (Doorway)	-122.3320708	47.6062095	12/22/2015
3678 Leary Way (Vacant Building)	-122.3320708	47.6062095	12/22/2015
I-5 Ramp and Union St	-122.3340962	47.6099218	12/28/2015
2nd Ave & Denny Way	-122.341328	47.6114981	12/28/2015
34th Ave NW & NW 54th St (near railroad tracks)	-122.4010342	47.6765217	12/31/2015
4500 Linden Ave N	-122.348271	47.6615279	12/31/2015
1st Ave So (Under on ramp to W. Seattle Bridge @ Spokane )	-122.3320708	47.6062095	1/4/2016
Gillman Ave W &  W Jamison St	-122.3870945	47.6563972	1/4/2016
Woodland Park	-122.3443407	47.6684427	1/5/2016
Woodland Park south of Off Leash area	-122.3444762	47.6701819	1/5/2016
I-5 NB Offramp at 7th Ave NE	-122.3207532	47.6647924	1/6/2016
4048 Pasadena PL NE	-122.3218583	47.6565544	1/6/2016
Under I-5 Off-Ramp @ Pasadena & NE 42nd	-122.3320708	47.6062095	1/6/2016
NE 40th St ROW between Latona Ave NE and 7th Ave NE	-122.3207532	47.6647924	1/6/2016
I-5 NB Offramp at NE 50th Street	-122.2956376	47.664887	1/7/2016
I-5 NE 47th St NB On-Ramp (grassy area)	-122.3320708	47.6062095	1/7/2016
I-5 on-ramp NB at NE 50th Street	-122.2956376	47.664887	1/7/2016
I-5 SB James St off ramp	-122.3320708	47.6062095	1/11/2016
Under I-5 @ on So King St.	-122.3115737	47.5983289	1/11/2016
6th Ave &  James St	-122.330156	47.60625	1/11/2016
Green Lake  Park	-122.341132	47.68157	1/11/2016
7th Ave & Cherry St	-122.3276034	47.6053328	1/11/2016
Metro bench - NE corner of Dexter Ave & Denny Way	-122.3423982	47.6181903	1/12/2016
Seaview Ave NW & 37th Pl NW	-122.4052316	47.6791729	1/12/2016
WB I-90 to SB I5	-122.3320708	47.6062095	1/13/2016
37th Pl NW & Seaview Ave NW	-122.4041054	47.6705621	1/13/2016
Behind Home Depot & Putz Golf Course	-122.3320708	47.6062095	1/15/2016
Burke-Gilman Trail & NW 40th St	-122.2782073	47.6955596	1/19/2016
Harvard Ave E & E Roy St	-122.3224847	47.6360247	1/19/2016
14th Ave NW @ NW 46th St	-122.3735383	47.6622006	1/19/2016
Rainier Ave South  Off Ramp	-122.3320708	47.6062095	1/20/2016
Green Lake	-122.3279676	47.6809842	1/20/2016
Poplar Place South/South Dean Street	-122.31286	47.5953565	1/21/2016
Longfellow Creek	-122.3671944	47.566203	1/25/2016
Alaskan Way S / S Brougham Way	-122.3289415	47.5924037	1/27/2016
4th Ave S and Edgar Martinez Drive So.	-122.3212761	47.5976409	1/27/2016
I-5 Colonnade Park	-122.3320708	47.6062095	1/28/2016
Airport Way S & S Royal Brougham Way	-122.3148113	47.5481439	1/28/2016
Carkeek Park off Pipers Creek Trail	-122.3706769	47.7105974	1/28/2016
Victory Creek Park	-122.3163719	47.7085415	1/29/2016
Gasworks Park	-122.3343532	47.6456308	1/29/2016
950 S King St	-122.3199752	47.5983601	2/1/2016
8th Ave S & S Jackson St (sidewalks)	-122.322591	47.5732864	2/1/2016
Lakeview Blvd E & E Belmont Planting strip	-122.3243919	47.6308733	2/1/2016
Gilman Ave W & W Fort St (Near Railroad tracks)	-122.3870945	47.6563972	2/1/2016
5th Ave NE & NE 55th St (at sound barrier wall)	-122.3231413	47.702651	2/1/2016
Wallingford Playfield	-122.3376364	47.6584744	2/1/2016
Parking lot at 10th Ave E & E Garfield St	-122.320064	47.632739	2/1/2016
5th Ave NE & NE 54th St	-122.3231413	47.702651	2/1/2016
8th Ave S & S Jackson St (sidewalks)	-122.322591	47.5732864	2/1/2016
Ballard Bridge north end	-122.3761447	47.6578901	2/2/2016
Ballard Commons Park (Sidewalk)	-122.3320708	47.6062095	2/2/2016
1525 11th Ave (old Value Village store)	-122.3320708	47.6062095	2/2/2016
15th Ave NW at NW 46th St (under Ballard Bridge)	-122.3761447	47.6578901	2/2/2016
Ballard Bridge south end	-122.3761447	47.6578901	2/2/2016
I-5 & Olive Way/Melrose	-122.3281382	47.6240543	2/3/2016
I-5 Colonnade Park	-122.3320708	47.6062095	2/3/2016
NE 50th St & 5th Ave NE	-122.2956376	47.664887	2/3/2016
I-5 & Pike St ramp	-122.3281382	47.6240543	2/4/2016
7200 W GREEN LAKE DR N	-122.3444192	47.681249	2/4/2016
Western Ave & Bell St	-122.3447254	47.6111419	2/5/2016
4th Ave & S  Royal Brougham Way	-122.3375861	47.6112087	2/5/2016
1300 Madison St	-122.3224629	47.6107772	2/5/2016
Under I-90 & S Dearborn	-122.3283527	47.5715487	2/9/2016
5th Ave NE & NE 50th St	-122.3231413	47.702651	2/9/2016
Arboretum	-122.2935063	47.6383411	2/9/2016
Japanese Garden	-122.2962936	47.6290005	2/9/2016
Green Lake	-122.3279676	47.6809842	2/9/2016
Carkeek Park	-122.3721688	47.7116232	2/9/2016
Under I-5 @ S Dearborn St	-122.3276378	47.5958642	2/12/2016
Green Lake - N 70th & Aurora Ave N	-122.3217639	47.6801838	2/13/2016
W Wheeler St & 15th Ave W	-122.3871665	47.6406166	2/16/2016
Ballard Bridge south end	-122.3761447	47.6578901	2/16/2016
Magnolia Bridge (under) at 1401 W Garfield St	-122.3754564	47.6332568	2/16/2016
Magnolia Bridge (under bridge)	-122.3320708	47.6062095	2/16/2016
Under Ballard Bridge 15th Ave NW and  Leary Way NW	-122.3641371	47.6583779	2/21/2016
Melrose Ave E & E Roy Street	-122.3278941	47.6219823	2/22/2016
Emerson Street Overpass (on Nickerson)	-122.3320708	47.6062095	2/22/2016
Greenwood Park	-122.350823	47.6929	2/22/2016
5th Ave NE & NE 55th St (at sound barrier wall)	-122.3231413	47.702651	2/22/2016
Franklin Pl E & E Howe St	-122.3240132	47.636254	2/22/2016
SOUTH SHIP CANAL TRAIL	-122.3640356	47.6524559	2/22/2016
Carkeek Park off Pipers Creek Trail	-122.3706769	47.7105974	2/22/2016
Gilman Playfield	-122.3320708	47.6062095	2/22/2016
Thornton Creek (Lake City Way & Fischer Pl NE)	-122.3016244	47.705735	2/23/2016
Victory Creek Park	-122.3163719	47.7085415	2/24/2016
5th Ave NE & NE 57th St (at sound barrier wall)	-122.3231413	47.702651	2/25/2016
Aurora 99 & Winslow Pl N	-122.3438711	47.6187956	2/25/2016
Burke Gilman Trail along the Canal Park	-122.3320708	47.6062095	2/25/2016
Burke-Gilman Trail 126 NW Canal St	-122.358899	47.65271	2/25/2016
Metro Bus stop Bench @ NW 85th St	-122.3778869	47.6906021	2/25/2016
8331 Dallas Ave S	-122.3178537	47.5282854	2/27/2016
6211 20th Ave NW	-122.3824157	47.6742862	2/29/2016
5210 18th Ave SW (Vacant Home)	-122.3320708	47.6062095	2/29/2016
Cascade Park	-122.3320708	47.6062095	2/29/2016
W Nickerson Overpass	-122.3694692	47.6534815	3/1/2016
14th Ave W. and W. Galer	-122.374624	47.6322548	3/1/2016
800 S Weller	-122.3221892	47.59769	3/1/2016
NW Leary Way Triangle	-122.3320708	47.6062095	3/1/2016
Discovery Park - NE corner cliff	-122.3320708	47.6062095	3/1/2016
Thornton Creek North green space	-122.3320708	47.6062095	3/1/2016
Ballard Locks Park Hillside	-122.3320708	47.6062095	3/2/2016
E Union & Broadway	-122.3062722	47.6129073	3/2/2016
Ingraham High School field	-122.3320708	47.6062095	3/2/2016
4th Ave S and S Royal Brougham Way sidewalk	-122.3320708	47.6062095	3/5/2016
Llandover Woods Greenspace	-122.3608311	47.7341069	3/7/2016
NE side of Green Lake	-122.2776075	47.711702	3/8/2016
Interurban Trail and N 122nd	-122.3320708	47.6062095	3/9/2016
9th Ave NW & NW 48th Street	-122.3683148	47.6920814	3/9/2016
7502 E Green Lake Dr N	-122.330648	47.682924	3/9/2016
4040 Delridge Way SW	-122.3632604	47.5670994	3/10/2016
7745 1st Ave S	-122.3369012	47.5333546	3/10/2016
Smith Cove Park	-122.387577	47.632605	3/10/2016
Salmon Bay Park	-122.3821345	47.6795414	3/14/2016
Ballard Library sidewalk on NW 57th St	-122.3847435	47.6701948	3/15/2016
I-5 NE 45th St Overpass (grass area)	-122.3320708	47.6062095	3/16/2016
I-5 Colonnade Park	-122.3320708	47.6062095	3/18/2016
Jackson Golf	-122.316737	47.726684	3/18/2016
Jackson Park Golf Course NE	-122.316737	47.726684	3/20/2016
Under BNSF Railroad Bridge @ NW 57th St	-122.3847435	47.6701948	3/20/2016
1405 NW 45TH ST	-122.3738472	47.6614419	3/22/2016
I-5 NB On-Ramp under Edgar Martinez overpass	-122.3290294	47.5902845	3/22/2016
3rd Ave S & S Royal Brougham Way	-122.3302817	47.6000453	3/22/2016
Green Lake  Park	-122.341132	47.68157	3/22/2016
6th Ave & Yesler Way, East Side	-122.330156	47.60625	3/23/2016
6th and Yesler	-122.3263696	47.6017197	3/23/2016
15th Ave NW at NW 46th St (under Ballard Bridge)	-122.3761447	47.6578901	3/23/2016
12th Ave S & S Dearborn St	-122.317655	47.5213164	3/24/2016
1st Ave So (Under on ramp to W. Seattle Bridge @ Spokane )	-122.3320708	47.6062095	3/24/2016
Franklin Ave E street end under I-5	-122.3320708	47.6062095	3/24/2016
1st Ave So (Under on ramp to W. Seattle Bridge @ Spokane )	-122.3320708	47.6062095	3/24/2016
78 S SPOKANE ST	-122.335448	47.571703	3/25/2016
3rd Ave S & S Royal Brougham Way	-122.3302817	47.6000453	3/28/2016
1401 NW Leary Way	-122.3742228	47.6633454	3/28/2016
Centennial Park	-122.3664186	47.6226119	3/28/2016
Grassy Area btw I-5 and Fence	-122.3320708	47.6062095	3/29/2016
Under AWV @ Blanchard St (SW Corner of World Trade Ctn Building)	-122.3320708	47.6062095	3/29/2016
Alaskan Way Viaduct & Pike St	-122.3376263	47.5894187	3/29/2016
9th Ave S & S Jackson St - Stairs	-122.3212757	47.5688823	3/29/2016
66 Bell St	-122.3478387	47.6126276	3/29/2016
109 Yesler Way	-122.3334301	47.6015417	3/29/2016
2211 Elliott Ave - Hwy 99 ramp	-122.3320708	47.6062095	3/29/2016
Ballard Locks Across from 3244 NW 54th St	-122.4002982	47.6676465	3/29/2016
Alaskan Way Viaduct & S Washington St	-122.3376263	47.5894187	3/29/2016
3rd Ave S & S Royal Brougham Way	-122.3302817	47.6000453	3/29/2016
Fairview Ave N & Denny Way (Behind Super Supplements)	-122.3343905	47.6250442	3/29/2016
Broad St & Elliott Ave	-122.350789	47.618246	3/29/2016
Alaskan Way Viaduct & Western Ave off ramp	-122.3376263	47.5894187	3/29/2016
Licton Springs Park (North End)	-122.3045446	47.6699473	3/29/2016
2100 S Atlantic St	-122.3045242	47.5895707	3/31/2016
Interlaken Park	-122.3084	47.6354698	3/31/2016
15th Ave NW and Leary Way NW - under Ballard Bridge	-122.3761447	47.6578901	3/31/2016
Ballard Bridge north end	-122.3761447	47.6578901	3/31/2016
NW 45th Ave & 14th Ave NW	-122.3671315	47.6614676	3/31/2016
6349 W GREEN LAKE WAY N	-122.3460683	47.674538	3/31/2016
Woodland Park	-122.3443407	47.6684427	4/1/2016
Golden Gardens - Northern Tip	-122.3320708	47.6062095	4/1/2016
Lagoon west of Green Lake Bathhouse Theater	-122.3320708	47.6062095	4/2/2016
SW Admiral Way & SW City View St (Greenspace)	-122.3940471	47.579446	4/4/2016
4602 14TH AVE NW	-122.3731826	47.662373	4/5/2016
4th Ave N & Florentia (By Fremont Bridge)	-122.3495578	47.6328421	4/5/2016
316 Florentia St (N of Bleitz Funeral Home)	-122.3320708	47.6062095	4/5/2016
1126 NW 52ND ST	-122.3720012	47.6665775	4/5/2016
NW 45th St & 6th Ave NW	-122.3671315	47.6614676	4/5/2016
8th Ave NW & NW 49th St	-122.3660162	47.6928188	4/5/2016
3rd Ave S & S Royal Brougham Way	-122.3302817	47.6000453	4/5/2016
Greenwood Park	-122.350823	47.6929	4/5/2016
5806 37TH PL NW	-122.4050451	47.6719815	4/5/2016
29th Ave W & W Government Way	-122.3942501	47.6468424	4/6/2016
1700 N Northgate Way (Vacant lot)	-122.3320708	47.6062095	4/6/2016
Under Atlantic Street overpass	-122.3320708	47.6062095	4/6/2016
Northgate Park	-122.3228133	47.7055861	4/6/2016
1900 Airport Way (Vacant lot)	-122.3320708	47.6062095	4/6/2016
9738 14th Ave NW	-122.373787	47.7013589	4/6/2016
36th Ave NW & Leary Way	-122.4034968	47.6753538	4/7/2016
NE 112th St & Roosevelt Way NE (at dead end)	-122.3222174	47.7099888	4/7/2016
Magnolia Bridge (under bridge)	-122.3320708	47.6062095	4/7/2016
2201 NW 64TH ST	-122.3850785	47.6751376	4/7/2016
3rd Ave S & S Royal Brougham Way	-122.3302817	47.6000453	4/7/2016
4th Ave S and Edgar Martinez Drive So.	-122.3212761	47.5976409	4/8/2016
5th & Yesler	-122.3355833	47.6106748	4/10/2016
Alaskan Way & Marion St overpass	-122.3453325	47.6094343	4/10/2016
7th Ave & James St	-122.3276034	47.6053328	4/10/2016
Western Ave & Bell St	-122.3447254	47.6111419	4/10/2016
Under BNSF Railroad Bridge (From Stairs on 37th Ave NW)	-122.4044796	47.6753114	4/11/2016
Union University Boylston Parkette	-122.3320708	47.6062095	4/11/2016
Under BNSF Railroad Bridge @ NW 57th St	-122.3847435	47.6701948	4/11/2016
Queen Anne Greenbelt	-122.3320708	47.6062095	4/12/2016
4502 Shilshole Ave NW	-122.3765144	47.661864	4/12/2016
1811 Eastlake Ave	-122.329403	47.6182503	4/12/2016
Eastlake Ave E under Denny Way overpass	-122.3320708	47.6062095	4/12/2016
8th Ave NW & NW 43rd St	-122.3660162	47.6928188	4/12/2016
Leary Way NW Triangle @ 3rd Ave NW	-122.360829	47.7087445	4/12/2016
37th Pl NW & Seaview Ave NW	-122.4041054	47.6705621	4/12/2016
6622 E Greenlake Way N - Green Lake Park	-122.331415	47.677856	4/12/2016
15th Ave NW and Leary Way NW - under Ballard Bridge	-122.3761447	47.6578901	4/12/2016
SB509	-122.3320708	47.6062095	4/13/2016
6508 E Greenlake Way N - Green Lake Park	-122.332152	47.6762469	4/13/2016
I-5  7 Ave NE & NE 50 St	-122.3207532	47.6647924	4/14/2016
First Ave S Bridge (SB @ 1st Exit)	-122.3320708	47.6062095	4/14/2016
Under I-5 at 12th Ave So & So Lucille	-122.317655	47.5213164	4/15/2016
6675 E Green Lake Way N - Green Lake Park	-122.3303483	47.67841	4/15/2016
3200 block NW 54th Street	-122.3987006	47.6677929	4/18/2016
1st Ave S Btw Sears Building & 1st Ave Bridge	-122.3320708	47.6062095	4/18/2016
9900 Myers Way S	-122.3303476	47.5141618	4/18/2016
10500 Ashworth Ave N	-122.3390038	47.7052635	4/18/2016
Ballard Locks Park Hillside	-122.3320708	47.6062095	4/18/2016
Ballard Locks Across from 3244 NW 54th St	-122.4002982	47.6676465	4/18/2016
9600 Myers Way S	-122.3305975	47.5145776	4/19/2016
5th Ave NE & NE Maple Leaf PL	-122.3231413	47.702651	4/20/2016
E Harrison St & Harvard Ave E	-122.3073237	47.622072	4/20/2016
Galer St Stairs	-122.3320708	47.6062095	4/20/2016
6th Ave &  James St	-122.330156	47.60625	4/20/2016
Queen Anne Ave N & Roy St	-122.3569813	47.6345627	4/20/2016
8th Ave (Under Bridge)	-122.3320708	47.6062095	4/20/2016
1st Ave N & John St	-122.3556352	47.6324363	4/20/2016
Minor & Pine (behind fence next I-5)	-122.3090726	47.6075154	4/21/2016
Gasworks Park	-122.3343532	47.6456308	4/21/2016
E Marginal Way S & S Michigan St (under 1st Ave S bridge on ramp)	-122.3180647	47.5371741	4/21/2016
Golden Gardens - West Side	-122.3320708	47.6062095	4/21/2016
Western & Bell under Viaduct	-122.3447254	47.6111419	4/25/2016
5th & Yesler	-122.3355833	47.6106748	4/25/2016
4th Ave and Dilling Way	-122.3293103	47.602169	4/25/2016
Greenwood Park	-122.350823	47.6929	4/25/2016
Behind 1300 W Nickerson St - south end Ballard Bridge	-122.3761447	47.6578901	4/26/2016
15TH AVE W & W EMERSON ST	-122.3762255	47.6414771	4/26/2016
Airport Way S & S Snoqualmie St	-122.3148113	47.5481439	4/26/2016
3512 AIRPORT WAY S	-122.3222924	47.5719654	4/26/2016
1405 Dexter Ave N (behind bldg on Lee St)	-122.3503264	47.631428	4/26/2016
E Union & Broadway (Sidewalk)	-122.3062722	47.6129073	4/26/2016
1906 9th Ave @ Stewart	-122.3344729	47.6156419	4/26/2016
14th Ave W. and W. Galer	-122.374624	47.6322548	4/26/2016
S Walker St east of 4th Ave S	-122.3288776	47.5838373	4/26/2016
South Ship Canal Trail	-122.3640356	47.6524559	4/27/2016
Spokane St Viaduct west of 4th Ave S	-122.328988	47.6016393	4/27/2016
Under I-90 Walkways Rainier Ave S	-122.2744975	47.544847	4/27/2016
Melrose Ave E & E Roy Street	-122.3278941	47.6219823	4/27/2016
16th Ave W & Ship Canal Trail	-122.3774999	47.6518638	4/27/2016
400 S Massachusetts Street	-122.3289294	47.5882055	4/27/2016
1140 NW Ballard Way	-122.3716604	47.6629519	4/27/2016
Ballard Way NW & 11th Ave NW (Sidewalk)	-122.3736999	47.6629295	4/27/2016
Hillside along I-5/Melrose Trail - SW of 845 Bellevue Pl E	-122.3268742	47.6270521	5/2/2016
Hillside above I-5 @ Olive and Melrose	-122.3320708	47.6062095	5/2/2016
2nd Ave Extension & So Washington	-122.3305951	47.6001986	5/2/2016
925 E Alder St	-122.3198966	47.604178	5/2/2016
1900 Airport Way (Vacant lot)	-122.3320708	47.6062095	5/2/2016
Western Ave & Bell St	-122.3447254	47.6111419	5/2/2016
E Marginal Way S & S Spokane St (parking lot under S Spokane St)	-122.3180647	47.5371741	5/3/2016
NW Leary Way Triangle	-122.3320708	47.6062095	5/3/2016
8th Ave NW & NW 43rd St	-122.3660162	47.6928188	5/3/2016
14th Ave NW & NW Ballard Way	-122.3740945	47.6836248	5/3/2016
Under Spokane St Bridge at Colorado Ave S	-122.3358563	47.5919742	5/4/2016
Under I-90 Sidewalks Rainier Ave S	-122.2744975	47.544847	5/4/2016
9th Ave S & S Dearborn St	-122.3212757	47.5688823	5/5/2016
4th Ave S & I-90 off ramp	-122.328988	47.6016393	5/8/2016
Colorado Ave S & S Atlantic St	-122.3358563	47.5919742	5/9/2016
4th Ave under Yesler overpass	-122.3287781	47.6017227	5/9/2016
7th Ave & James St	-122.3276034	47.6053328	5/10/2016
9th Ave NW & NW 49th St	-122.3683148	47.6920814	5/10/2016
Pinehurst Pocket Park	-122.3082304	47.7141664	5/11/2016
NE 116th St & 3rd Ave NE	-122.3267933	47.7131729	5/12/2016
Airport Way south of BMW	-122.3320708	47.6062095	5/12/2016
3rd Ave S & S Royal Brougham Way	-122.3302817	47.6000453	5/12/2016
Behind Home Depot & Putz Golf Course	-122.3320708	47.6062095	5/13/2016
2nd & S Spokane St	-122.341328	47.6114981	5/16/2016
Sunset Hill Park	-122.4004272	47.6834998	5/16/2016
Gilman Playfield	-122.3320708	47.6062095	5/16/2016
400 Broadway E (Doorway)	-122.3320708	47.6062095	5/17/2016
Ballard Bridge north end	-122.3761447	47.6578901	5/17/2016
15th Ave NW and Leary Way NW - under Ballard Bridge	-122.3761447	47.6578901	5/17/2016
Lakeview Blvd E (N of Belmont Ave E)	-122.3240437	47.6231453	5/18/2016
Carkeek Park off Pipers Creek Trail	-122.3706769	47.7105974	5/19/2016
Burke Gilman Trail & N Northlake Way	-122.2782073	47.6955596	5/19/2016
6th Ave So Between Holgate and Massachusetts	-122.3320708	47.6062095	5/20/2016
14323 15TH AVE NE	-122.3127626	47.733285	5/20/2016
1401 NW Leary Way	-122.3742228	47.6633454	5/20/2016
3rd Ave NW @ NW 39th Ave	-122.3608278	47.6541537	5/20/2016
15th Ave NW at NW 46th St (under Ballard Bridge)	-122.3761447	47.6578901	5/20/2016
Ballard Commons Park	-122.3855052	47.6706355	5/20/2016
Mineral Springs Park	-122.3366544	47.7056004	5/21/2016
S Forest St & Airport Way S	-122.3173194	47.577762	5/23/2016
Under I-5 @ on So King St.	-122.3115737	47.5983289	5/24/2016
S King St Under I-5	-122.3283527	47.5715487	5/25/2016
1st Ave So (Under on ramp to W. Seattle Bridge @ Spokane )	-122.3320708	47.6062095	5/26/2016
609 7th Ave	-122.3270471	47.6046822	5/31/2016
9th Ave S and S Jackson St	-122.321037	47.599192	6/1/2016
8845 17th Ave SW	-122.356828	47.523286	6/1/2016
8th Ave S & S Jackson St (sidewalks)	-122.322591	47.5732864	6/2/2016
800 block S Jackson Street	-122.3228726	47.5992532	6/2/2016
Westcrest Park	-122.3411723	47.5238083	6/7/2016
NW 40th Street & 6th Ave NW	-122.3619026	47.6560651	6/7/2016
Sacajawea Playground	-122.3092085	47.6967053	6/7/2016
I-5 On/Off Ramps at 10th Ave S & S Dearborn St	-122.3203745	47.5749295	6/8/2016
Greenbelt east of I-5/south of I-90	-122.344397	47.635139	6/9/2016
624 Yale	-122.330422	47.624918	6/9/2016
6th Ave NE & NE 40th Street (SE corner)	-122.3217674	47.6795221	6/9/2016
5639 University Way NE	-122.3133654	47.6705887	6/10/2016
6th Ave & Cherry St - carpool lot under I-5	-122.330156	47.60625	6/14/2016
7th Ave & Cherry St	-122.3276034	47.6053328	6/14/2016
I-5 NB offramp to NE 45th Street	-122.2986688	47.661257	6/15/2016
800 Seneca Street	-122.3295175	47.6097217	6/15/2016
Kinnear Park	-122.366882	47.627315	6/16/2016
Alaskan Way & Yesler Way	-122.3453325	47.6094343	6/16/2016
I-90 EB Onramp (Westside of Rainier Ave S)	-122.2744975	47.544847	6/16/2016
Mineral Springs Park	-122.3366544	47.7056004	6/16/2016
Greenwood Park	-122.350823	47.6929	6/17/2016
Under I-5 behind 2020 Airport Way S	-122.320927	47.584993	6/20/2016
4th Ave S and Edgar Martinez Drive So.	-122.3212761	47.5976409	6/20/2016
Stone Ave N & N100th St	-122.341908	47.6981742	6/20/2016
NE 40th St & 6th Ave NE	-122.3121139	47.6553287	6/21/2016
Vacant lot across from 3011 NE 143rd St	-122.295858	47.731734	6/21/2016
I-5 offramp at NE 45th Street	-122.2986688	47.661257	6/22/2016
Northacres Park	-122.3272083	47.7217888	6/22/2016
Pasadena Ple NE & NE 42nd St	-122.3320708	47.6062095	6/23/2016
118 NE 45TH ST	-122.3275057	47.66156	6/24/2016
West Emerson  Overpass	-122.3814839	47.6544349	6/27/2016
220 2nd Ave S Ext	-122.3310859	47.6007575	6/28/2016
2nd Ave Ext S & S Main St	-122.3305951	47.6001986	6/28/2016
I-5  NE 45th Street & 5th Ave NE  SB	-122.3282653	47.6613466	6/29/2016
5th Ave NE & NE 42nd St	-122.3231413	47.702651	6/30/2016
5th Ave NE & NE 42nd St	-122.3231413	47.702651	6/30/2016
118 NE 45th St (parking lot)	-122.3275057	47.66156	6/30/2016
15th Avenue NE & NE 107th St Under Bridge	-122.31243	47.706123	7/1/2016
Denny Park	-122.340936	47.619053	7/1/2016
Freeway Park	-122.330903	47.609308	7/5/2016
4048 Pasadena PL NE	-122.3218583	47.6565544	7/5/2016
Carkeek Park	-122.3721688	47.7116232	7/6/2016
9900 Myers Way S	-122.3303476	47.5141618	7/7/2016
N 88th St & Nesbit Ave N	-122.3402302	47.6923579	7/7/2016
Westcrest Reservoir Park	-122.3320708	47.6062095	7/8/2016
Plymouth Pillars Park	-122.3293955	47.613634	7/8/2016
N 121st St & Stone Way N	-122.3396687	47.7162822	7/8/2016
S Holden St & 46th Ave S (SE Corner)	-122.2942804	47.5337888	7/8/2016
Roxhill Park	-122.3692089	47.5174169	7/14/2016
8th Ave (Under Bridge)	-122.3320708	47.6062095	7/19/2016
8th Ave S & S Jackson St (sidewalks)	-122.322591	47.5732864	7/19/2016
Green Lake	-122.3279676	47.6809842	7/19/2016
Counterbalance Park	-122.3564248	47.6256883	7/19/2016
Gasworks Park	-122.3343532	47.6456308	7/19/2016
Weedin Pl NE & 8th Ave NE & NE 65th St  Under I5 Over pass	-122.3209921	47.6776265	7/20/2016
Myrtle Edwards Park	-122.361817	47.619438	7/20/2016
Columbia St between Western and Alaskan Way	-122.3453325	47.6094343	7/21/2016
S King St Under I-5	-122.3283527	47.5715487	7/21/2016
Woodland Park	-122.3443407	47.6684427	7/21/2016
Ballard Commons Park	-122.3855052	47.6706355	7/21/2016
NE 143rd St  & 30th Ave NE (Vacant Lot)	-122.3019443	47.7320171	7/21/2016
Green Lake  Park	-122.341132	47.68157	7/22/2016
N 107th & N Northgate Way	-122.3447071	47.7065437	7/23/2016
4th Avenue South Offramp from Spokane St	-122.3140549	47.571628	7/25/2016
78 S SPOKANE ST	-122.335448	47.571703	7/25/2016
2nd & S Spokane St	-122.341328	47.6114981	7/25/2016
N 110th St & Interurban Trail	-122.3487999	47.7086604	7/25/2016
Ballard Corners Park	-122.379091	47.6742739	7/25/2016
NW 87th St (btw Palatine Ave N & 1st Ave NW) sidewalk	-122.3566326	47.6924373	7/26/2016
Northacres Park	-122.3272083	47.7217888	7/26/2016
136 Melrose Ave E	-122.3278588	47.6195466	7/27/2016
Gilman Playfield	-122.3320708	47.6062095	7/27/2016
I-5 entrance at SMT/5th & Cherry St	-122.3320708	47.6062095	7/28/2016
Hillside by I-5 North on ramp/Melrose Ave	-122.3279002	47.6167238	7/28/2016
Thorndyke Ave E @ BNSF Railroad tracks	-122.3320708	47.6062095	7/28/2016
Lakeview Structure	-122.3320708	47.6062095	7/28/2016
Under BNSF Railroad Bridge (From Stairs on 37th Ave NW)	-122.4044796	47.6753114	7/28/2016
Melrose Ave E & E Roy Street	-122.3278941	47.6219823	7/28/2016
815 Seattle Blvd S	-122.3271692	47.5951035	8/2/2016
5th Ave NE  & NE 40th St (Access Road next to I-5)	-122.3231413	47.702651	8/2/2016
I-5 & NE 55TH ST	-122.3281382	47.6240543	8/2/2016
Behind 212 NE 77th St	-122.326116	47.685711	8/2/2016
JTF 9600 Myers Way S	-122.3305975	47.5145776	8/2/2016
Bellevue Place Park	-122.327651	47.626923	8/3/2016
SW Admiral Way & SW Hanford St	-122.3940471	47.579446	8/5/2016
Franklin Ave E & E Galer St	-122.3246572	47.6420373	8/8/2016
2900 block of Franklin Ave E	-122.3234052	47.6469879	8/8/2016
Franklin Ave E & I-5	-122.3246572	47.6420373	8/8/2016
SW Spokane St & 26th Ave SW	-122.3660925	47.5716431	8/8/2016
NW corner of SW Trenton St & 24th Ave SW	-122.3686423	47.5246745	8/8/2016
Aurora Bridge - SW corner hillside above Raye St	-122.3483437	47.6432413	8/8/2016
828 RAINIER AVE S	-122.310442	47.594987	8/8/2016
Licton Springs Park (North End)	-122.3045446	47.6699473	8/9/2016
6th Ave So Between Holgate and Massachusetts	-122.3320708	47.6062095	8/9/2016
Ballard Commons Park	-122.3855052	47.6706355	8/10/2016
I-5 & NE 45/NE 50th St exit	-122.3281382	47.6240543	8/11/2016
I-5 NB Offramp at NE 50th Street	-122.2956376	47.664887	8/11/2016
Golden Gardens Park - near pond & RR tracks	-122.3320708	47.6062095	8/11/2016
Bitter Lake Park	-122.3320708	47.6062095	8/12/2016
Woodland Park south of Off Leash area	-122.3444762	47.6701819	8/12/2016
Ballard Bridge north end	-122.3761447	47.6578901	8/14/2016
Ballard Bridge south end	-122.3761447	47.6578901	8/14/2016
15th Ave NW at NW 46th St (under Ballard Bridge)	-122.3761447	47.6578901	8/14/2016
I-5 On/Off Ramps at 10th Ave S & S Dearborn St	-122.3203745	47.5749295	8/16/2016
I-5 SB James St off ramp	-122.3320708	47.6062095	8/17/2016
Golden Gardens - West Side	-122.3320708	47.6062095	8/17/2016
Myers Way S (ROW under transmission line)	-122.3320708	47.6062095	8/17/2016
I-5 & Mercer (east side of Eastlake Ave E)	-122.3281382	47.6240543	8/18/2016
SW Queen Anne Greenbelt - Sections 1, 2, 3 & 4	-122.3320708	47.6062095	8/18/2016
Mineral Springs Park	-122.3366544	47.7056004	8/18/2016
2618 ALKI AVE SW	-122.4071857	47.5801969	8/19/2016
Gilman Playfield	-122.3320708	47.6062095	8/19/2016
Eastlake Ave E Under I-5 @ Republican	-122.3320708	47.6062095	8/22/2016
121 & 123 12th Ave E (Vacant homes)	-122.3005362	47.4951611	8/22/2016
1417 Belmont Ave	-122.324777	47.613534	8/22/2016
E Harrison St & Broadway Ave E	-122.3073237	47.622072	8/22/2016
Airport Way S & S Stacy (Under I-5)	-122.3148113	47.5481439	8/22/2016
E Union & Broadway (Sidewalk)	-122.3062722	47.6129073	8/22/2016
Broadway and Union	-122.3208198	47.6103973	8/22/2016
Burke Gilman Trail & Fred Meyer	-122.2782073	47.6955596	8/22/2016
14th Ave W. and W. Galer	-122.374624	47.6322548	8/22/2016
15th Ave E & E Spring St	-122.3126251	47.6245539	8/22/2016
1058 E Mercer St - Lowell Elementary	-122.3320708	47.6062095	8/22/2016
608 TERRY	-122.3236834	47.6060909	8/22/2016
I-5 & Olive Way/Melrose	-122.3281382	47.6240543	8/22/2016
633 W Mercer PL	-122.3660896	47.6257027	8/23/2016
4005 33rd Ave NW	-122.3997451	47.6770103	8/23/2016
498 S Walker St	-122.3278562	47.5840276	8/24/2016
S Walker St east of 4th Ave S	-122.3288776	47.5838373	8/24/2016
1st Ave & Broad St	-122.34335	47.6115014	8/24/2016
SW Spokane St & Avalon Wy SW	-122.3660925	47.5716431	8/24/2016
Under Alaskan Way Viaduct btwn S Main St & S Jackson St	-122.3146427	47.600017	8/24/2016
Carkeek Park	-122.3721688	47.7116232	8/24/2016
Bitter Lake Park	-122.3320708	47.6062095	8/25/2016
Westcrest Park	-122.3411723	47.5238083	8/26/2016
Ballard Commons Park	-122.3855052	47.6706355	8/26/2016
Fremont Canal Park	-122.3573353	47.6516632	8/27/2016
5th Ave S & S Bennett St	-122.3276518	47.5988888	8/30/2016
Lower Judkins Park	-122.3034365	47.591881	8/30/2016
Mt Baker Park - parking lot (Lake Park Dr S & Shoreland Dr S)	-122.2880902	47.5802875	8/30/2016
N 107th St btwn Midvale Ave N & Stone Ave N	-122.3438222	47.6593681	8/30/2016
Hamilton Viewpoint Park	-122.3860215	47.5932966	8/30/2016
6826 SEAVIEW AVE NW	-122.4059139	47.6780016	8/30/2016
Judkins Park	-122.3005054	47.5931727	8/30/2016
6400 Seaview Ave NW	-122.4061418	47.6751325	8/30/2016
6th Ave & Columbia St (under I-5)	-122.330156	47.60625	8/30/2016
4321 LEARY WAY NW	-122.3657275	47.659538	8/30/2016
4259 8th Ave NW & Burke Gilman trail	-122.367122	47.658893	8/30/2016
Aurora 99 & Winslow Pl N	-122.3438711	47.6187956	8/30/2016
Emerson Street Overpass (on Nickerson)	-122.3320708	47.6062095	8/30/2016
2005 NW 57th St (Sidewalk)	-122.3320708	47.6062095	8/30/2016
SW Spokane St west of E Marginal Way in parking lot	-122.3459343	47.6150842	9/1/2016
6317 California Ave SW	-122.3872341	47.5460708	9/1/2016
Burke Gilman Trail under I-5	-122.3320708	47.6062095	9/7/2016
Burke Gilman Trail @ NE 40th Under I-5	-122.3320708	47.6062095	9/7/2016
SW Manning St. & SW Spokane St	-122.3755516	47.5711671	9/7/2016
NE 40th & 7th Ave NE near Benjamin Hall	-122.3121139	47.6553287	9/7/2016
4520 2ND AVE NE	-122.326914	47.661995	9/7/2016
31st Ave SW street end, south of SW Findlay St	-122.3722754	47.5519623	9/7/2016
700 NW 42nd St	-122.3654553	47.6580127	9/7/2016
Island at NE 75th St & Lake City Way NE	-122.2958442	47.6830494	9/7/2016
NE corner of 25th Ave SW & SW Trenton St	-122.3645532	47.5188042	9/7/2016
Ravenna Park Ravine-Nursery Area	-122.3320708	47.6062095	9/8/2016
Alki Beach Park	-122.4114276	47.5790755	9/8/2016
Longfellow Creek Greenspace (north of P-patch)	-122.3320708	47.6062095	9/8/2016
Longfellow Green Space North	-122.363329	47.546459	9/9/2016
I-5 @ Madison under overpass	-122.3320708	47.6062095	9/12/2016
Bitter Lake Park	-122.3320708	47.6062095	9/13/2016
4219 University Way NE (Doorway)	-122.3320708	47.6062095	9/13/2016
Gilman Playfield	-122.3320708	47.6062095	9/14/2016
Crown Hill Glen Park	-122.3813038	47.6938371	9/16/2016
318 Fairview Ave E.	-122.3339512	47.6217461	9/16/2016
Alaskan Way Viaduct & S Main St	-122.3376263	47.5894187	9/18/2016
Under I-90 Walkways Rainier Ave S	-122.2744975	47.544847	9/19/2016
911 Pike Street/I-5 southbound onramp	-122.3320708	47.6062095	9/19/2016
Fuhrman Ave East & Eastlake (Under Ship Canal Bridge)	-122.3197746	47.6499376	9/19/2016
I-5 & Pike St ramp	-122.3281382	47.6240543	9/19/2016
I-90 off ramp Exit 3A	-122.3320708	47.6062095	9/20/2016
SOUTH SHIP CANAL TRAIL	-122.3640356	47.6524559	9/21/2016
Harbor Ave SW & SW Spokane ST	-122.3752728	47.5844546	9/21/2016
3200 block NW 54th Street	-122.3987006	47.6677929	9/21/2016
9200 block Myers Way S	-122.3340989	47.5203279	9/21/2016
2826 NW Market St	-122.3948555	47.66855	9/21/2016
SW Henderson St Public Stairs	-122.3320708	47.6062095	9/22/2016
James St and Terry Ave	-122.3236419	47.6060199	9/23/2016
S Massachusetts & 6th Ave S	-122.3138141	47.5884831	9/26/2016
Carkeek Park	-122.3721688	47.7116232	9/26/2016
10th and Dearborn- areas outsides Nickelsville	-122.3320708	47.6062095	9/27/2016
NE Northlake Way & Pasadena Pl NE	-122.3230185	47.6540492	9/27/2016
60th Street Park	-122.3228722	47.6722298	9/27/2016
Burke Gilman Trail & N Northlake Way	-122.2782073	47.6955596	9/27/2016
6222 E GREEN LAKE WAY N/ Green Lake Park	-122.3347255	47.6741565	9/27/2016
10th and Dearborn- areas outsides Nickelsville	-122.3320708	47.6062095	9/27/2016
Gasworks Park	-122.3343532	47.6456308	9/27/2016
Green Lake - N 70th & Aurora Ave N	-122.3217639	47.6801838	9/27/2016
Green Lake  Park	-122.341132	47.68157	9/27/2016
Gilman Playfield	-122.3320708	47.6062095	9/29/2016
